Year,Volume,Issue,URL
1972,20,1,https://ieeexplore.ieee.org/xpl/tocresult.jsp?isnumber=23772&punumber=26
1972,20,2,https://ieeexplore.ieee.org/xpl/tocresult.jsp?isnumber=23773&punumber=26
1972,20,3,https://ieeexplore.ieee.org/xpl/tocresult.jsp?isnumber=23774&punumber=26
1972,20,4,https://ieeexplore.ieee.org/xpl/tocresult.jsp?isnumber=23775&punumber=26
1972,20,5,https://ieeexplore.ieee.org/xpl/tocresult.jsp?isnumber=23776&punumber=26
1972,20,6,https://ieeexplore.ieee.org/xpl/tocresult.jsp?isnumber=23777&punumber=26
1973,21,1,https://ieeexplore.ieee.org/xpl/tocresult.jsp?isnumber=23787&punumber=26
1973,21,2,https://ieeexplore.ieee.org/xpl/tocresult.jsp?isnumber=23791&punumber=26
1973,21,3,https://ieeexplore.ieee.org/xpl/tocresult.jsp?isnumber=23792&punumber=26
1973,21,4,https://ieeexplore.ieee.org/xpl/tocresult.jsp?isnumber=23793&punumber=26
1973,21,5,https://ieeexplore.ieee.org/xpl/tocresult.jsp?isnumber=23794&punumber=26
1973,21,6,https://ieeexplore.ieee.org/xpl/tocresult.jsp?isnumber=23795&punumber=26
1973,21,7,https://ieeexplore.ieee.org/xpl/tocresult.jsp?isnumber=23796&punumber=26
1973,21,8,https://ieeexplore.ieee.org/xpl/tocresult.jsp?isnumber=23797&punumber=26
1973,21,9,https://ieeexplore.ieee.org/xpl/tocresult.jsp?isnumber=23798&punumber=26
1973,21,10,https://ieeexplore.ieee.org/xpl/tocresult.jsp?isnumber=23788&punumber=26
1973,21,11,https://ieeexplore.ieee.org/xpl/tocresult.jsp?isnumber=23789&punumber=26
1973,21,12,https://ieeexplore.ieee.org/xpl/tocresult.jsp?isnumber=23790&punumber=26
1974,22,1,https://ieeexplore.ieee.org/xpl/tocresult.jsp?isnumber=23811&punumber=26
1974,22,2,https://ieeexplore.ieee.org/xpl/tocresult.jsp?isnumber=23815&punumber=26
1974,22,3,https://ieeexplore.ieee.org/xpl/tocresult.jsp?isnumber=23816&punumber=26
1974,22,4,https://ieeexplore.ieee.org/xpl/tocresult.jsp?isnumber=23817&punumber=26
1974,22,5,https://ieeexplore.ieee.org/xpl/tocresult.jsp?isnumber=23818&punumber=26
1974,22,6,https://ieeexplore.ieee.org/xpl/tocresult.jsp?isnumber=23819&punumber=26
1974,22,7,https://ieeexplore.ieee.org/xpl/tocresult.jsp?isnumber=23820&punumber=26
1974,22,8,https://ieeexplore.ieee.org/xpl/tocresult.jsp?isnumber=23821&punumber=26
1974,22,9,https://ieeexplore.ieee.org/xpl/tocresult.jsp?isnumber=23822&punumber=26
1974,22,10,https://ieeexplore.ieee.org/xpl/tocresult.jsp?isnumber=23812&punumber=26
1974,22,11,https://ieeexplore.ieee.org/xpl/tocresult.jsp?isnumber=23813&punumber=26
1974,22,12,https://ieeexplore.ieee.org/xpl/tocresult.jsp?isnumber=23814&punumber=26
1975,23,1,https://ieeexplore.ieee.org/xpl/tocresult.jsp?isnumber=23835&punumber=26
1975,23,2,https://ieeexplore.ieee.org/xpl/tocresult.jsp?isnumber=23839&punumber=26
1975,23,3,https://ieeexplore.ieee.org/xpl/tocresult.jsp?isnumber=23840&punumber=26
1975,23,4,https://ieeexplore.ieee.org/xpl/tocresult.jsp?isnumber=23841&punumber=26
1975,23,5,https://ieeexplore.ieee.org/xpl/tocresult.jsp?isnumber=23842&punumber=26
1975,23,6,https://ieeexplore.ieee.org/xpl/tocresult.jsp?isnumber=23843&punumber=26
1975,23,7,https://ieeexplore.ieee.org/xpl/tocresult.jsp?isnumber=23844&punumber=26
1975,23,8,https://ieeexplore.ieee.org/xpl/tocresult.jsp?isnumber=23845&punumber=26
1975,23,9,https://ieeexplore.ieee.org/xpl/tocresult.jsp?isnumber=23846&punumber=26
1975,23,10,https://ieeexplore.ieee.org/xpl/tocresult.jsp?isnumber=23836&punumber=26
1975,23,11,https://ieeexplore.ieee.org/xpl/tocresult.jsp?isnumber=23837&punumber=26
1975,23,12,https://ieeexplore.ieee.org/xpl/tocresult.jsp?isnumber=23838&punumber=26
1976,24,1,https://ieeexplore.ieee.org/xpl/tocresult.jsp?isnumber=23859&punumber=26
1976,24,2,https://ieeexplore.ieee.org/xpl/tocresult.jsp?isnumber=23863&punumber=26
1976,24,3,https://ieeexplore.ieee.org/xpl/tocresult.jsp?isnumber=23864&punumber=26
1976,24,4,https://ieeexplore.ieee.org/xpl/tocresult.jsp?isnumber=23865&punumber=26
1976,24,5,https://ieeexplore.ieee.org/xpl/tocresult.jsp?isnumber=23866&punumber=26
1976,24,6,https://ieeexplore.ieee.org/xpl/tocresult.jsp?isnumber=23867&punumber=26
1976,24,7,https://ieeexplore.ieee.org/xpl/tocresult.jsp?isnumber=23868&punumber=26
1976,24,8,https://ieeexplore.ieee.org/xpl/tocresult.jsp?isnumber=23869&punumber=26
1976,24,9,https://ieeexplore.ieee.org/xpl/tocresult.jsp?isnumber=23870&punumber=26
1976,24,10,https://ieeexplore.ieee.org/xpl/tocresult.jsp?isnumber=23860&punumber=26
1976,24,11,https://ieeexplore.ieee.org/xpl/tocresult.jsp?isnumber=23861&punumber=26
1976,24,12,https://ieeexplore.ieee.org/xpl/tocresult.jsp?isnumber=23862&punumber=26
1977,25,1,https://ieeexplore.ieee.org/xpl/tocresult.jsp?isnumber=23883&punumber=26
1977,25,2,https://ieeexplore.ieee.org/xpl/tocresult.jsp?isnumber=23887&punumber=26
1977,25,3,https://ieeexplore.ieee.org/xpl/tocresult.jsp?isnumber=23888&punumber=26
1977,25,4,https://ieeexplore.ieee.org/xpl/tocresult.jsp?isnumber=23889&punumber=26
1977,25,5,https://ieeexplore.ieee.org/xpl/tocresult.jsp?isnumber=23890&punumber=26
1977,25,6,https://ieeexplore.ieee.org/xpl/tocresult.jsp?isnumber=23891&punumber=26
1977,25,7,https://ieeexplore.ieee.org/xpl/tocresult.jsp?isnumber=23892&punumber=26
1977,25,8,https://ieeexplore.ieee.org/xpl/tocresult.jsp?isnumber=23893&punumber=26
1977,25,9,https://ieeexplore.ieee.org/xpl/tocresult.jsp?isnumber=23894&punumber=26
1977,25,10,https://ieeexplore.ieee.org/xpl/tocresult.jsp?isnumber=23884&punumber=26
1977,25,11,https://ieeexplore.ieee.org/xpl/tocresult.jsp?isnumber=23885&punumber=26
1977,25,12,https://ieeexplore.ieee.org/xpl/tocresult.jsp?isnumber=23886&punumber=26
1978,26,1,https://ieeexplore.ieee.org/xpl/tocresult.jsp?isnumber=23895&punumber=26
1978,26,2,https://ieeexplore.ieee.org/xpl/tocresult.jsp?isnumber=23899&punumber=26
1978,26,3,https://ieeexplore.ieee.org/xpl/tocresult.jsp?isnumber=23900&punumber=26
1978,26,4,https://ieeexplore.ieee.org/xpl/tocresult.jsp?isnumber=23901&punumber=26
1978,26,5,https://ieeexplore.ieee.org/xpl/tocresult.jsp?isnumber=23902&punumber=26
1978,26,6,https://ieeexplore.ieee.org/xpl/tocresult.jsp?isnumber=23903&punumber=26
1978,26,7,https://ieeexplore.ieee.org/xpl/tocresult.jsp?isnumber=23904&punumber=26
1978,26,8,https://ieeexplore.ieee.org/xpl/tocresult.jsp?isnumber=23905&punumber=26
1978,26,9,https://ieeexplore.ieee.org/xpl/tocresult.jsp?isnumber=23906&punumber=26
1978,26,10,https://ieeexplore.ieee.org/xpl/tocresult.jsp?isnumber=23896&punumber=26
1978,26,11,https://ieeexplore.ieee.org/xpl/tocresult.jsp?isnumber=23897&punumber=26
1978,26,12,https://ieeexplore.ieee.org/xpl/tocresult.jsp?isnumber=23898&punumber=26
1979,27,1,https://ieeexplore.ieee.org/xpl/tocresult.jsp?isnumber=23907&punumber=26
1979,27,2,https://ieeexplore.ieee.org/xpl/tocresult.jsp?isnumber=23911&punumber=26
1979,27,3,https://ieeexplore.ieee.org/xpl/tocresult.jsp?isnumber=23912&punumber=26
1979,27,4,https://ieeexplore.ieee.org/xpl/tocresult.jsp?isnumber=23913&punumber=26
1979,27,5,https://ieeexplore.ieee.org/xpl/tocresult.jsp?isnumber=23914&punumber=26
1979,27,6,https://ieeexplore.ieee.org/xpl/tocresult.jsp?isnumber=23915&punumber=26
1979,27,7,https://ieeexplore.ieee.org/xpl/tocresult.jsp?isnumber=23916&punumber=26
1979,27,8,https://ieeexplore.ieee.org/xpl/tocresult.jsp?isnumber=23917&punumber=26
1979,27,9,https://ieeexplore.ieee.org/xpl/tocresult.jsp?isnumber=23918&punumber=26
1979,27,10,https://ieeexplore.ieee.org/xpl/tocresult.jsp?isnumber=23908&punumber=26
1979,27,11,https://ieeexplore.ieee.org/xpl/tocresult.jsp?isnumber=23909&punumber=26
1979,27,12,https://ieeexplore.ieee.org/xpl/tocresult.jsp?isnumber=23910&punumber=26
1980,28,1,https://ieeexplore.ieee.org/xpl/tocresult.jsp?isnumber=9056728&punumber=26
1980,28,1,https://ieeexplore.ieee.org/xpl/tocresult.jsp?isnumber=23919&punumber=26
1980,28,2,https://ieeexplore.ieee.org/xpl/tocresult.jsp?isnumber=23923&punumber=26
1980,28,3,https://ieeexplore.ieee.org/xpl/tocresult.jsp?isnumber=23924&punumber=26
1980,28,4,https://ieeexplore.ieee.org/xpl/tocresult.jsp?isnumber=23925&punumber=26
1980,28,5,https://ieeexplore.ieee.org/xpl/tocresult.jsp?isnumber=23926&punumber=26
1980,28,6,https://ieeexplore.ieee.org/xpl/tocresult.jsp?isnumber=23927&punumber=26
1980,28,7,https://ieeexplore.ieee.org/xpl/tocresult.jsp?isnumber=23928&punumber=26
1980,28,8,https://ieeexplore.ieee.org/xpl/tocresult.jsp?isnumber=8106911&punumber=26
1980,28,8,https://ieeexplore.ieee.org/xpl/tocresult.jsp?isnumber=23929&punumber=26
1980,28,9,https://ieeexplore.ieee.org/xpl/tocresult.jsp?isnumber=8106914&punumber=26
1980,28,9,https://ieeexplore.ieee.org/xpl/tocresult.jsp?isnumber=23930&punumber=26
1980,28,10,https://ieeexplore.ieee.org/xpl/tocresult.jsp?isnumber=23920&punumber=26
1980,28,11,https://ieeexplore.ieee.org/xpl/tocresult.jsp?isnumber=23921&punumber=26
1980,28,12,https://ieeexplore.ieee.org/xpl/tocresult.jsp?isnumber=23922&punumber=26
1981,29,1,https://ieeexplore.ieee.org/xpl/tocresult.jsp?isnumber=23931&punumber=26
1981,29,2,https://ieeexplore.ieee.org/xpl/tocresult.jsp?isnumber=23935&punumber=26
1981,29,3,https://ieeexplore.ieee.org/xpl/tocresult.jsp?isnumber=23936&punumber=26
1981,29,4,https://ieeexplore.ieee.org/xpl/tocresult.jsp?isnumber=23937&punumber=26
1981,29,5,https://ieeexplore.ieee.org/xpl/tocresult.jsp?isnumber=23938&punumber=26
1981,29,6,https://ieeexplore.ieee.org/xpl/tocresult.jsp?isnumber=23939&punumber=26
1981,29,7,https://ieeexplore.ieee.org/xpl/tocresult.jsp?isnumber=23940&punumber=26
1981,29,8,https://ieeexplore.ieee.org/xpl/tocresult.jsp?isnumber=23941&punumber=26
1981,29,9,https://ieeexplore.ieee.org/xpl/tocresult.jsp?isnumber=23942&punumber=26
1981,29,10,https://ieeexplore.ieee.org/xpl/tocresult.jsp?isnumber=23932&punumber=26
1981,29,11,https://ieeexplore.ieee.org/xpl/tocresult.jsp?isnumber=23933&punumber=26
1981,29,12,https://ieeexplore.ieee.org/xpl/tocresult.jsp?isnumber=23934&punumber=26
1982,30,1,https://ieeexplore.ieee.org/xpl/tocresult.jsp?isnumber=8110802&punumber=26
1982,30,1,https://ieeexplore.ieee.org/xpl/tocresult.jsp?isnumber=23952&punumber=26
1982,30,2,https://ieeexplore.ieee.org/xpl/tocresult.jsp?isnumber=23956&punumber=26
1982,30,3,https://ieeexplore.ieee.org/xpl/tocresult.jsp?isnumber=23957&punumber=26
1982,30,4,https://ieeexplore.ieee.org/xpl/tocresult.jsp?isnumber=23958&punumber=26
1982,30,5,https://ieeexplore.ieee.org/xpl/tocresult.jsp?isnumber=8113150&punumber=26
1982,30,5,https://ieeexplore.ieee.org/xpl/tocresult.jsp?isnumber=23959&punumber=26
1982,30,6,https://ieeexplore.ieee.org/xpl/tocresult.jsp?isnumber=23960&punumber=26
1982,30,7,https://ieeexplore.ieee.org/xpl/tocresult.jsp?isnumber=8113664&punumber=26
1982,30,7,https://ieeexplore.ieee.org/xpl/tocresult.jsp?isnumber=23961&punumber=26
1982,30,8,https://ieeexplore.ieee.org/xpl/tocresult.jsp?isnumber=23962&punumber=26
1982,30,9,https://ieeexplore.ieee.org/xpl/tocresult.jsp?isnumber=23963&punumber=26
1982,30,10,https://ieeexplore.ieee.org/xpl/tocresult.jsp?isnumber=23953&punumber=26
1982,30,11,https://ieeexplore.ieee.org/xpl/tocresult.jsp?isnumber=23954&punumber=26
1982,30,12,https://ieeexplore.ieee.org/xpl/tocresult.jsp?isnumber=23955&punumber=26
1983,31,1,https://ieeexplore.ieee.org/xpl/tocresult.jsp?isnumber=23964&punumber=26
1983,31,2,https://ieeexplore.ieee.org/xpl/tocresult.jsp?isnumber=23968&punumber=26
1983,31,3,https://ieeexplore.ieee.org/xpl/tocresult.jsp?isnumber=23969&punumber=26
1983,31,4,https://ieeexplore.ieee.org/xpl/tocresult.jsp?isnumber=23970&punumber=26
1983,31,5,https://ieeexplore.ieee.org/xpl/tocresult.jsp?isnumber=23971&punumber=26
1983,31,6,https://ieeexplore.ieee.org/xpl/tocresult.jsp?isnumber=23972&punumber=26
1983,31,7,https://ieeexplore.ieee.org/xpl/tocresult.jsp?isnumber=23973&punumber=26
1983,31,8,https://ieeexplore.ieee.org/xpl/tocresult.jsp?isnumber=23974&punumber=26
1983,31,9,https://ieeexplore.ieee.org/xpl/tocresult.jsp?isnumber=23975&punumber=26
1983,31,10,https://ieeexplore.ieee.org/xpl/tocresult.jsp?isnumber=23965&punumber=26
1983,31,11,https://ieeexplore.ieee.org/xpl/tocresult.jsp?isnumber=23966&punumber=26
1983,31,12,https://ieeexplore.ieee.org/xpl/tocresult.jsp?isnumber=23967&punumber=26
1984,32,1,https://ieeexplore.ieee.org/xpl/tocresult.jsp?isnumber=23976&punumber=26
1984,32,2,https://ieeexplore.ieee.org/xpl/tocresult.jsp?isnumber=23980&punumber=26
1984,32,3,https://ieeexplore.ieee.org/xpl/tocresult.jsp?isnumber=23981&punumber=26
1984,32,4,https://ieeexplore.ieee.org/xpl/tocresult.jsp?isnumber=23982&punumber=26
1984,32,5,https://ieeexplore.ieee.org/xpl/tocresult.jsp?isnumber=23983&punumber=26
1984,32,6,https://ieeexplore.ieee.org/xpl/tocresult.jsp?isnumber=23984&punumber=26
1984,32,7,https://ieeexplore.ieee.org/xpl/tocresult.jsp?isnumber=23985&punumber=26
1984,32,8,https://ieeexplore.ieee.org/xpl/tocresult.jsp?isnumber=23986&punumber=26
1984,32,9,https://ieeexplore.ieee.org/xpl/tocresult.jsp?isnumber=23987&punumber=26
1984,32,10,https://ieeexplore.ieee.org/xpl/tocresult.jsp?isnumber=23977&punumber=26
1984,32,11,https://ieeexplore.ieee.org/xpl/tocresult.jsp?isnumber=23978&punumber=26
1984,32,12,https://ieeexplore.ieee.org/xpl/tocresult.jsp?isnumber=23979&punumber=26
1985,33,1,https://ieeexplore.ieee.org/xpl/tocresult.jsp?isnumber=23988&punumber=26
1985,33,2,https://ieeexplore.ieee.org/xpl/tocresult.jsp?isnumber=23992&punumber=26
1985,33,3,https://ieeexplore.ieee.org/xpl/tocresult.jsp?isnumber=23993&punumber=26
1985,33,4,https://ieeexplore.ieee.org/xpl/tocresult.jsp?isnumber=23994&punumber=26
1985,33,5,https://ieeexplore.ieee.org/xpl/tocresult.jsp?isnumber=23995&punumber=26
1985,33,6,https://ieeexplore.ieee.org/xpl/tocresult.jsp?isnumber=23996&punumber=26
1985,33,7,https://ieeexplore.ieee.org/xpl/tocresult.jsp?isnumber=23997&punumber=26
1985,33,8,https://ieeexplore.ieee.org/xpl/tocresult.jsp?isnumber=23998&punumber=26
1985,33,9,https://ieeexplore.ieee.org/xpl/tocresult.jsp?isnumber=23999&punumber=26
1985,33,10,https://ieeexplore.ieee.org/xpl/tocresult.jsp?isnumber=23989&punumber=26
1985,33,11,https://ieeexplore.ieee.org/xpl/tocresult.jsp?isnumber=23990&punumber=26
1985,33,12,https://ieeexplore.ieee.org/xpl/tocresult.jsp?isnumber=23991&punumber=26
1986,34,1,https://ieeexplore.ieee.org/xpl/tocresult.jsp?isnumber=24000&punumber=26
1986,34,2,https://ieeexplore.ieee.org/xpl/tocresult.jsp?isnumber=24004&punumber=26
1986,34,3,https://ieeexplore.ieee.org/xpl/tocresult.jsp?isnumber=24005&punumber=26
1986,34,4,https://ieeexplore.ieee.org/xpl/tocresult.jsp?isnumber=24006&punumber=26
1986,34,5,https://ieeexplore.ieee.org/xpl/tocresult.jsp?isnumber=24007&punumber=26
1986,34,6,https://ieeexplore.ieee.org/xpl/tocresult.jsp?isnumber=24008&punumber=26
1986,34,7,https://ieeexplore.ieee.org/xpl/tocresult.jsp?isnumber=24009&punumber=26
1986,34,8,https://ieeexplore.ieee.org/xpl/tocresult.jsp?isnumber=24010&punumber=26
1986,34,9,https://ieeexplore.ieee.org/xpl/tocresult.jsp?isnumber=24011&punumber=26
1986,34,10,https://ieeexplore.ieee.org/xpl/tocresult.jsp?isnumber=24001&punumber=26
1986,34,11,https://ieeexplore.ieee.org/xpl/tocresult.jsp?isnumber=24002&punumber=26
1986,34,12,https://ieeexplore.ieee.org/xpl/tocresult.jsp?isnumber=24003&punumber=26
1987,35,1,https://ieeexplore.ieee.org/xpl/tocresult.jsp?isnumber=24012&punumber=26
1987,35,2,https://ieeexplore.ieee.org/xpl/tocresult.jsp?isnumber=24016&punumber=26
1987,35,3,https://ieeexplore.ieee.org/xpl/tocresult.jsp?isnumber=24017&punumber=26
1987,35,4,https://ieeexplore.ieee.org/xpl/tocresult.jsp?isnumber=24018&punumber=26
1987,35,5,https://ieeexplore.ieee.org/xpl/tocresult.jsp?isnumber=24019&punumber=26
1987,35,6,https://ieeexplore.ieee.org/xpl/tocresult.jsp?isnumber=24020&punumber=26
1987,35,7,https://ieeexplore.ieee.org/xpl/tocresult.jsp?isnumber=24021&punumber=26
1987,35,8,https://ieeexplore.ieee.org/xpl/tocresult.jsp?isnumber=24022&punumber=26
1987,35,9,https://ieeexplore.ieee.org/xpl/tocresult.jsp?isnumber=24023&punumber=26
1987,35,10,https://ieeexplore.ieee.org/xpl/tocresult.jsp?isnumber=24013&punumber=26
1987,35,11,https://ieeexplore.ieee.org/xpl/tocresult.jsp?isnumber=24014&punumber=26
1987,35,12,https://ieeexplore.ieee.org/xpl/tocresult.jsp?isnumber=24015&punumber=26
1988,36,1,https://ieeexplore.ieee.org/xpl/tocresult.jsp?isnumber=158&punumber=26
1988,36,2,https://ieeexplore.ieee.org/xpl/tocresult.jsp?isnumber=159&punumber=26
1988,36,3,https://ieeexplore.ieee.org/xpl/tocresult.jsp?isnumber=95&punumber=26
1988,36,4,https://ieeexplore.ieee.org/xpl/tocresult.jsp?isnumber=160&punumber=26
1988,36,5,https://ieeexplore.ieee.org/xpl/tocresult.jsp?isnumber=96&punumber=26
1988,36,6,https://ieeexplore.ieee.org/xpl/tocresult.jsp?isnumber=161&punumber=26
1988,36,7,https://ieeexplore.ieee.org/xpl/tocresult.jsp?isnumber=162&punumber=26
1988,36,8,https://ieeexplore.ieee.org/xpl/tocresult.jsp?isnumber=211&punumber=26
1988,36,9,https://ieeexplore.ieee.org/xpl/tocresult.jsp?isnumber=392&punumber=26
1988,36,10,https://ieeexplore.ieee.org/xpl/tocresult.jsp?isnumber=393&punumber=26
1988,36,11,https://ieeexplore.ieee.org/xpl/tocresult.jsp?isnumber=451&punumber=26
1988,36,12,https://ieeexplore.ieee.org/xpl/tocresult.jsp?isnumber=452&punumber=26
1989,37,1,https://ieeexplore.ieee.org/xpl/tocresult.jsp?isnumber=870&punumber=26
1989,37,2,https://ieeexplore.ieee.org/xpl/tocresult.jsp?isnumber=795&punumber=26
1989,37,3,https://ieeexplore.ieee.org/xpl/tocresult.jsp?isnumber=796&punumber=26
1989,37,4,https://ieeexplore.ieee.org/xpl/tocresult.jsp?isnumber=797&punumber=26
1989,37,5,https://ieeexplore.ieee.org/xpl/tocresult.jsp?isnumber=927&punumber=26
1989,37,6,https://ieeexplore.ieee.org/xpl/tocresult.jsp?isnumber=1342&punumber=26
1989,37,7,https://ieeexplore.ieee.org/xpl/tocresult.jsp?isnumber=1343&punumber=26
1989,37,8,https://ieeexplore.ieee.org/xpl/tocresult.jsp?isnumber=1344&punumber=26
1989,37,9,https://ieeexplore.ieee.org/xpl/tocresult.jsp?isnumber=1470&punumber=26
1989,37,10,https://ieeexplore.ieee.org/xpl/tocresult.jsp?isnumber=1574&punumber=26
1989,37,11,https://ieeexplore.ieee.org/xpl/tocresult.jsp?isnumber=1756&punumber=26
1989,37,12,https://ieeexplore.ieee.org/xpl/tocresult.jsp?isnumber=1681&punumber=26
1990,38,1,https://ieeexplore.ieee.org/xpl/tocresult.jsp?isnumber=1757&punumber=26
1990,38,2,https://ieeexplore.ieee.org/xpl/tocresult.jsp?isnumber=1802&punumber=26
1990,38,3,https://ieeexplore.ieee.org/xpl/tocresult.jsp?isnumber=1818&punumber=26
1990,38,4,https://ieeexplore.ieee.org/xpl/tocresult.jsp?isnumber=1895&punumber=26
1990,38,5,https://ieeexplore.ieee.org/xpl/tocresult.jsp?isnumber=1984&punumber=26
1990,38,6,https://ieeexplore.ieee.org/xpl/tocresult.jsp?isnumber=2081&punumber=26
1990,38,7,https://ieeexplore.ieee.org/xpl/tocresult.jsp?isnumber=2082&punumber=26
1990,38,8,https://ieeexplore.ieee.org/xpl/tocresult.jsp?isnumber=2134&punumber=26
1990,38,9,https://ieeexplore.ieee.org/xpl/tocresult.jsp?isnumber=2234&punumber=26
1990,38,10,https://ieeexplore.ieee.org/xpl/tocresult.jsp?isnumber=2235&punumber=26
1990,38,11,https://ieeexplore.ieee.org/xpl/tocresult.jsp?isnumber=2236&punumber=26
1990,38,12,https://ieeexplore.ieee.org/xpl/tocresult.jsp?isnumber=2338&punumber=26
1991,39,1,https://ieeexplore.ieee.org/xpl/tocresult.jsp?isnumber=2423&punumber=26
1991,39,2,https://ieeexplore.ieee.org/xpl/tocresult.jsp?isnumber=2549&punumber=26
1991,39,3,https://ieeexplore.ieee.org/xpl/tocresult.jsp?isnumber=2591&punumber=26
1991,39,4,https://ieeexplore.ieee.org/xpl/tocresult.jsp?isnumber=2681&punumber=26
1991,39,5,https://ieeexplore.ieee.org/xpl/tocresult.jsp?isnumber=2837&punumber=26
1991,39,6,https://ieeexplore.ieee.org/xpl/tocresult.jsp?isnumber=2838&punumber=26
1991,39,7,https://ieeexplore.ieee.org/xpl/tocresult.jsp?isnumber=2839&punumber=26
1991,39,8,https://ieeexplore.ieee.org/xpl/tocresult.jsp?isnumber=3658&punumber=26
1991,39,9,https://ieeexplore.ieee.org/xpl/tocresult.jsp?isnumber=3130&punumber=26
1991,39,10,https://ieeexplore.ieee.org/xpl/tocresult.jsp?isnumber=3184&punumber=26
1991,39,11,https://ieeexplore.ieee.org/xpl/tocresult.jsp?isnumber=3352&punumber=26
1991,39,12,https://ieeexplore.ieee.org/xpl/tocresult.jsp?isnumber=3432&punumber=26
1992,40,1,https://ieeexplore.ieee.org/xpl/tocresult.jsp?isnumber=3543&punumber=26
1992,40,2,https://ieeexplore.ieee.org/xpl/tocresult.jsp?isnumber=3606&punumber=26
1992,40,3,https://ieeexplore.ieee.org/xpl/tocresult.jsp?isnumber=3699&punumber=26
1992,40,4,https://ieeexplore.ieee.org/xpl/tocresult.jsp?isnumber=3795&punumber=26
1992,40,5,https://ieeexplore.ieee.org/xpl/tocresult.jsp?isnumber=3796&punumber=26
1992,40,6,https://ieeexplore.ieee.org/xpl/tocresult.jsp?isnumber=3828&punumber=26
1992,40,7,https://ieeexplore.ieee.org/xpl/tocresult.jsp?isnumber=4002&punumber=26
1992,40,8,https://ieeexplore.ieee.org/xpl/tocresult.jsp?isnumber=4056&punumber=26
1992,40,9,https://ieeexplore.ieee.org/xpl/tocresult.jsp?isnumber=4238&punumber=26
1992,40,10,https://ieeexplore.ieee.org/xpl/tocresult.jsp?isnumber=4391&punumber=26
1992,40,11,https://ieeexplore.ieee.org/xpl/tocresult.jsp?isnumber=4503&punumber=26
1992,40,12,https://ieeexplore.ieee.org/xpl/tocresult.jsp?isnumber=4959&punumber=26
1993,41,1,https://ieeexplore.ieee.org/xpl/tocresult.jsp?isnumber=5545&punumber=26
1993,41,2,https://ieeexplore.ieee.org/xpl/tocresult.jsp?isnumber=5660&punumber=26
1993,41,3,https://ieeexplore.ieee.org/xpl/tocresult.jsp?isnumber=5776&punumber=26
1993,41,4,https://ieeexplore.ieee.org/xpl/tocresult.jsp?isnumber=5843&punumber=26
1993,41,5,https://ieeexplore.ieee.org/xpl/tocresult.jsp?isnumber=5880&punumber=26
1993,41,6,https://ieeexplore.ieee.org/xpl/tocresult.jsp?isnumber=5993&punumber=26
1993,41,7,https://ieeexplore.ieee.org/xpl/tocresult.jsp?isnumber=5994&punumber=26
1993,41,8,https://ieeexplore.ieee.org/xpl/tocresult.jsp?isnumber=5995&punumber=26
1993,41,9,https://ieeexplore.ieee.org/xpl/tocresult.jsp?isnumber=6100&punumber=26
1993,41,10,https://ieeexplore.ieee.org/xpl/tocresult.jsp?isnumber=6101&punumber=26
1993,41,11,https://ieeexplore.ieee.org/xpl/tocresult.jsp?isnumber=6210&punumber=26
1993,41,12,https://ieeexplore.ieee.org/xpl/tocresult.jsp?isnumber=6419&punumber=26
1994,42,1,https://ieeexplore.ieee.org/xpl/tocresult.jsp?isnumber=6819&punumber=26
1994,42,5,https://ieeexplore.ieee.org/xpl/tocresult.jsp?isnumber=7057&punumber=26
1994,42,6,https://ieeexplore.ieee.org/xpl/tocresult.jsp?isnumber=7258&punumber=26
1994,42,7,https://ieeexplore.ieee.org/xpl/tocresult.jsp?isnumber=7380&punumber=26
1994,42,8,https://ieeexplore.ieee.org/xpl/tocresult.jsp?isnumber=7526&punumber=26
1994,42,9,https://ieeexplore.ieee.org/xpl/tocresult.jsp?isnumber=7647&punumber=26
1994,42,10,https://ieeexplore.ieee.org/xpl/tocresult.jsp?isnumber=7778&punumber=26
1994,42,11,https://ieeexplore.ieee.org/xpl/tocresult.jsp?isnumber=7779&punumber=26
1994,42,12,https://ieeexplore.ieee.org/xpl/tocresult.jsp?isnumber=7961&punumber=26
1994,42,234,https://ieeexplore.ieee.org/xpl/tocresult.jsp?isnumber=12514&punumber=26
1994,42,234,https://ieeexplore.ieee.org/xpl/tocresult.jsp?isnumber=12565&punumber=26
1994,42,234,https://ieeexplore.ieee.org/xpl/tocresult.jsp?isnumber=12645&punumber=26
1995,43,1,https://ieeexplore.ieee.org/xpl/tocresult.jsp?isnumber=8743&punumber=26
1995,43,2/3/4,https://ieeexplore.ieee.org/xpl/tocresult.jsp?isnumber=8633&punumber=26
1995,43,5,https://ieeexplore.ieee.org/xpl/tocresult.jsp?isnumber=8782&punumber=26
1995,43,6,https://ieeexplore.ieee.org/xpl/tocresult.jsp?isnumber=8783&punumber=26
1995,43,7,https://ieeexplore.ieee.org/xpl/tocresult.jsp?isnumber=8939&punumber=26
1995,43,8,https://ieeexplore.ieee.org/xpl/tocresult.jsp?isnumber=9078&punumber=26
1995,43,9,https://ieeexplore.ieee.org/xpl/tocresult.jsp?isnumber=9204&punumber=26
1995,43,10,https://ieeexplore.ieee.org/xpl/tocresult.jsp?isnumber=9900&punumber=26
1995,43,11,https://ieeexplore.ieee.org/xpl/tocresult.jsp?isnumber=10304&punumber=26
1995,43,12,https://ieeexplore.ieee.org/xpl/tocresult.jsp?isnumber=10164&punumber=26
1996,44,1,https://ieeexplore.ieee.org/xpl/tocresult.jsp?isnumber=10176&punumber=26
1996,44,2,https://ieeexplore.ieee.org/xpl/tocresult.jsp?isnumber=10405&punumber=26
1996,44,3,https://ieeexplore.ieee.org/xpl/tocresult.jsp?isnumber=10391&punumber=26
1996,44,4,https://ieeexplore.ieee.org/xpl/tocresult.jsp?isnumber=10537&punumber=26
1996,44,5,https://ieeexplore.ieee.org/xpl/tocresult.jsp?isnumber=10665&punumber=26
1996,44,6,https://ieeexplore.ieee.org/xpl/tocresult.jsp?isnumber=10925&punumber=26
1996,44,7,https://ieeexplore.ieee.org/xpl/tocresult.jsp?isnumber=11077&punumber=26
1996,44,8,https://ieeexplore.ieee.org/xpl/tocresult.jsp?isnumber=11250&punumber=26
1996,44,9,https://ieeexplore.ieee.org/xpl/tocresult.jsp?isnumber=11489&punumber=26
1996,44,10,https://ieeexplore.ieee.org/xpl/tocresult.jsp?isnumber=11672&punumber=26
1996,44,11,https://ieeexplore.ieee.org/xpl/tocresult.jsp?isnumber=11885&punumber=26
1996,44,12,https://ieeexplore.ieee.org/xpl/tocresult.jsp?isnumber=11957&punumber=26
1997,45,1,https://ieeexplore.ieee.org/xpl/tocresult.jsp?isnumber=12066&punumber=26
1997,45,2,https://ieeexplore.ieee.org/xpl/tocresult.jsp?isnumber=12071&punumber=26
1997,45,3,https://ieeexplore.ieee.org/xpl/tocresult.jsp?isnumber=12187&punumber=26
1997,45,4,https://ieeexplore.ieee.org/xpl/tocresult.jsp?isnumber=12705&punumber=26
1997,45,5,https://ieeexplore.ieee.org/xpl/tocresult.jsp?isnumber=12974&punumber=26
1997,45,6,https://ieeexplore.ieee.org/xpl/tocresult.jsp?isnumber=12991&punumber=26
1997,45,7,https://ieeexplore.ieee.org/xpl/tocresult.jsp?isnumber=13231&punumber=26
1997,45,8,https://ieeexplore.ieee.org/xpl/tocresult.jsp?isnumber=13436&punumber=26
1997,45,9,https://ieeexplore.ieee.org/xpl/tocresult.jsp?isnumber=13551&punumber=26
1997,45,10,https://ieeexplore.ieee.org/xpl/tocresult.jsp?isnumber=13775&punumber=26
1997,45,11,https://ieeexplore.ieee.org/xpl/tocresult.jsp?isnumber=14082&punumber=26
1997,45,12,https://ieeexplore.ieee.org/xpl/tocresult.jsp?isnumber=14182&punumber=26
1998,46,1,https://ieeexplore.ieee.org/xpl/tocresult.jsp?isnumber=14293&punumber=26
1998,46,2,https://ieeexplore.ieee.org/xpl/tocresult.jsp?isnumber=14382&punumber=26
1998,46,3,https://ieeexplore.ieee.org/xpl/tocresult.jsp?isnumber=14517&punumber=26
1998,46,4,https://ieeexplore.ieee.org/xpl/tocresult.jsp?isnumber=14572&punumber=26
1998,46,5,https://ieeexplore.ieee.org/xpl/tocresult.jsp?isnumber=14747&punumber=26
1998,46,6,https://ieeexplore.ieee.org/xpl/tocresult.jsp?isnumber=14969&punumber=26
1998,46,7,https://ieeexplore.ieee.org/xpl/tocresult.jsp?isnumber=15084&punumber=26
1998,46,8,https://ieeexplore.ieee.org/xpl/tocresult.jsp?isnumber=15243&punumber=26
1998,46,9,https://ieeexplore.ieee.org/xpl/tocresult.jsp?isnumber=15537&punumber=26
1998,46,10,https://ieeexplore.ieee.org/xpl/tocresult.jsp?isnumber=15640&punumber=26
1998,46,11,https://ieeexplore.ieee.org/xpl/tocresult.jsp?isnumber=15715&punumber=26
1998,46,12,https://ieeexplore.ieee.org/xpl/tocresult.jsp?isnumber=15893&punumber=26
1999,47,1,https://ieeexplore.ieee.org/xpl/tocresult.jsp?isnumber=16137&punumber=26
1999,47,2,https://ieeexplore.ieee.org/xpl/tocresult.jsp?isnumber=16240&punumber=26
1999,47,3,https://ieeexplore.ieee.org/xpl/tocresult.jsp?isnumber=16255&punumber=26
1999,47,4,https://ieeexplore.ieee.org/xpl/tocresult.jsp?isnumber=16551&punumber=26
1999,47,5,https://ieeexplore.ieee.org/xpl/tocresult.jsp?isnumber=16661&punumber=26
1999,47,6,https://ieeexplore.ieee.org/xpl/tocresult.jsp?isnumber=16703&punumber=26
1999,47,7,https://ieeexplore.ieee.org/xpl/tocresult.jsp?isnumber=16808&punumber=26
1999,47,8,https://ieeexplore.ieee.org/xpl/tocresult.jsp?isnumber=16933&punumber=26
1999,47,9,https://ieeexplore.ieee.org/xpl/tocresult.jsp?isnumber=17109&punumber=26
1999,47,10,https://ieeexplore.ieee.org/xpl/tocresult.jsp?isnumber=17251&punumber=26
1999,47,11,https://ieeexplore.ieee.org/xpl/tocresult.jsp?isnumber=17429&punumber=26
1999,47,12,https://ieeexplore.ieee.org/xpl/tocresult.jsp?isnumber=17576&punumber=26
2000,48,1,https://ieeexplore.ieee.org/xpl/tocresult.jsp?isnumber=17738&punumber=26
2000,48,2,https://ieeexplore.ieee.org/xpl/tocresult.jsp?isnumber=17833&punumber=26
2000,48,3,https://ieeexplore.ieee.org/xpl/tocresult.jsp?isnumber=18093&punumber=26
2000,48,4,https://ieeexplore.ieee.org/xpl/tocresult.jsp?isnumber=18291&punumber=26
2000,48,5,https://ieeexplore.ieee.org/xpl/tocresult.jsp?isnumber=18292&punumber=26
2000,48,6,https://ieeexplore.ieee.org/xpl/tocresult.jsp?isnumber=18452&punumber=26
2000,48,7,https://ieeexplore.ieee.org/xpl/tocresult.jsp?isnumber=18577&punumber=26
2000,48,8,https://ieeexplore.ieee.org/xpl/tocresult.jsp?isnumber=18724&punumber=26
2000,48,9,https://ieeexplore.ieee.org/xpl/tocresult.jsp?isnumber=18847&punumber=26
2000,48,10,https://ieeexplore.ieee.org/xpl/tocresult.jsp?isnumber=18877&punumber=26
2000,48,11,https://ieeexplore.ieee.org/xpl/tocresult.jsp?isnumber=19160&punumber=26
2000,48,12,https://ieeexplore.ieee.org/xpl/tocresult.jsp?isnumber=19286&punumber=26
2001,49,1,https://ieeexplore.ieee.org/xpl/tocresult.jsp?isnumber=19441&punumber=26
2001,49,2,https://ieeexplore.ieee.org/xpl/tocresult.jsp?isnumber=19592&punumber=26
2001,49,3,https://ieeexplore.ieee.org/xpl/tocresult.jsp?isnumber=19678&punumber=26
2001,49,4,https://ieeexplore.ieee.org/xpl/tocresult.jsp?isnumber=19836&punumber=26
2001,49,5,https://ieeexplore.ieee.org/xpl/tocresult.jsp?isnumber=19976&punumber=26
2001,49,6,https://ieeexplore.ieee.org/xpl/tocresult.jsp?isnumber=20127&punumber=26
2001,49,7,https://ieeexplore.ieee.org/xpl/tocresult.jsp?isnumber=20235&punumber=26
2001,49,8,https://ieeexplore.ieee.org/xpl/tocresult.jsp?isnumber=20340&punumber=26
2001,49,9,https://ieeexplore.ieee.org/xpl/tocresult.jsp?isnumber=20560&punumber=26
2001,49,10,https://ieeexplore.ieee.org/xpl/tocresult.jsp?isnumber=20703&punumber=26
2001,49,11,https://ieeexplore.ieee.org/xpl/tocresult.jsp?isnumber=20855&punumber=26
2001,49,12,https://ieeexplore.ieee.org/xpl/tocresult.jsp?isnumber=20991&punumber=26
2002,50,1,https://ieeexplore.ieee.org/xpl/tocresult.jsp?isnumber=21065&punumber=26
2002,50,2,https://ieeexplore.ieee.org/xpl/tocresult.jsp?isnumber=21199&punumber=26
2002,50,3,https://ieeexplore.ieee.org/xpl/tocresult.jsp?isnumber=21364&punumber=26
2002,50,4,https://ieeexplore.ieee.org/xpl/tocresult.jsp?isnumber=21498&punumber=26
2002,50,5,https://ieeexplore.ieee.org/xpl/tocresult.jsp?isnumber=21711&punumber=26
2002,50,6,https://ieeexplore.ieee.org/xpl/tocresult.jsp?isnumber=21780&punumber=26
2002,50,7,https://ieeexplore.ieee.org/xpl/tocresult.jsp?isnumber=21961&punumber=26
2002,50,8,https://ieeexplore.ieee.org/xpl/tocresult.jsp?isnumber=22048&punumber=26
2002,50,9,https://ieeexplore.ieee.org/xpl/tocresult.jsp?isnumber=22183&punumber=26
2002,50,10,https://ieeexplore.ieee.org/xpl/tocresult.jsp?isnumber=22393&punumber=26
2002,50,11,https://ieeexplore.ieee.org/xpl/tocresult.jsp?isnumber=24079&punumber=26
2002,50,12,https://ieeexplore.ieee.org/xpl/tocresult.jsp?isnumber=26390&punumber=26
2003,51,1,https://ieeexplore.ieee.org/xpl/tocresult.jsp?isnumber=26530&punumber=26
2003,51,2,https://ieeexplore.ieee.org/xpl/tocresult.jsp?isnumber=26693&punumber=26
2003,51,3,https://ieeexplore.ieee.org/xpl/tocresult.jsp?isnumber=26869&punumber=26
2003,51,4,https://ieeexplore.ieee.org/xpl/tocresult.jsp?isnumber=26995&punumber=26
2003,51,5,https://ieeexplore.ieee.org/xpl/tocresult.jsp?isnumber=27052&punumber=26
2003,51,6,https://ieeexplore.ieee.org/xpl/tocresult.jsp?isnumber=27219&punumber=26
2003,51,7,https://ieeexplore.ieee.org/xpl/tocresult.jsp?isnumber=27330&punumber=26
2003,51,8,https://ieeexplore.ieee.org/xpl/tocresult.jsp?isnumber=27442&punumber=26
2003,51,9,https://ieeexplore.ieee.org/xpl/tocresult.jsp?isnumber=27595&punumber=26
2003,51,10,https://ieeexplore.ieee.org/xpl/tocresult.jsp?isnumber=27744&punumber=26
2003,51,11,https://ieeexplore.ieee.org/xpl/tocresult.jsp?isnumber=27921&punumber=26
2003,51,12,https://ieeexplore.ieee.org/xpl/tocresult.jsp?isnumber=28107&punumber=26
2004,52,1,https://ieeexplore.ieee.org/xpl/tocresult.jsp?isnumber=28281&punumber=26
2004,52,2,https://ieeexplore.ieee.org/xpl/tocresult.jsp?isnumber=28418&punumber=26
2004,52,3,https://ieeexplore.ieee.org/xpl/tocresult.jsp?isnumber=28502&punumber=26
2004,52,4,https://ieeexplore.ieee.org/xpl/tocresult.jsp?isnumber=28774&punumber=26
2004,52,5,https://ieeexplore.ieee.org/xpl/tocresult.jsp?isnumber=28861&punumber=26
2004,52,6,https://ieeexplore.ieee.org/xpl/tocresult.jsp?isnumber=29006&punumber=26
2004,52,7,https://ieeexplore.ieee.org/xpl/tocresult.jsp?isnumber=29165&punumber=26
2004,52,8,https://ieeexplore.ieee.org/xpl/tocresult.jsp?isnumber=29369&punumber=26
2004,52,9,https://ieeexplore.ieee.org/xpl/tocresult.jsp?isnumber=29496&punumber=26
2004,52,10,https://ieeexplore.ieee.org/xpl/tocresult.jsp?isnumber=29703&punumber=26
2004,52,11,https://ieeexplore.ieee.org/xpl/tocresult.jsp?isnumber=29784&punumber=26
2004,52,12,https://ieeexplore.ieee.org/xpl/tocresult.jsp?isnumber=29976&punumber=26
2005,53,1,https://ieeexplore.ieee.org/xpl/tocresult.jsp?isnumber=30293&punumber=26
2005,53,2,https://ieeexplore.ieee.org/xpl/tocresult.jsp?isnumber=30453&punumber=26
2005,53,3,https://ieeexplore.ieee.org/xpl/tocresult.jsp?isnumber=30630&punumber=26
2005,53,4,https://ieeexplore.ieee.org/xpl/tocresult.jsp?isnumber=30789&punumber=26
2005,53,5,https://ieeexplore.ieee.org/xpl/tocresult.jsp?isnumber=30867&punumber=26
2005,53,6,https://ieeexplore.ieee.org/xpl/tocresult.jsp?isnumber=31014&punumber=26
2005,53,7,https://ieeexplore.ieee.org/xpl/tocresult.jsp?isnumber=31495&punumber=26
2005,53,8,https://ieeexplore.ieee.org/xpl/tocresult.jsp?isnumber=32145&punumber=26
2005,53,9,https://ieeexplore.ieee.org/xpl/tocresult.jsp?isnumber=32354&punumber=26
2005,53,10,https://ieeexplore.ieee.org/xpl/tocresult.jsp?isnumber=32482&punumber=26
2005,53,11,https://ieeexplore.ieee.org/xpl/tocresult.jsp?isnumber=32690&punumber=26
2005,53,12,https://ieeexplore.ieee.org/xpl/tocresult.jsp?isnumber=33116&punumber=26
2006,54,1,https://ieeexplore.ieee.org/xpl/tocresult.jsp?isnumber=33336&punumber=26
2006,54,2,https://ieeexplore.ieee.org/xpl/tocresult.jsp?isnumber=33640&punumber=26
2006,54,3,https://ieeexplore.ieee.org/xpl/tocresult.jsp?isnumber=33738&punumber=26
2006,54,4,https://ieeexplore.ieee.org/xpl/tocresult.jsp?isnumber=33957&punumber=26
2006,54,5,https://ieeexplore.ieee.org/xpl/tocresult.jsp?isnumber=34225&punumber=26
2006,54,6,https://ieeexplore.ieee.org/xpl/tocresult.jsp?isnumber=34443&punumber=26
2006,54,7,https://ieeexplore.ieee.org/xpl/tocresult.jsp?isnumber=34716&punumber=26
2006,54,8,https://ieeexplore.ieee.org/xpl/tocresult.jsp?isnumber=35126&punumber=26
2006,54,9,https://ieeexplore.ieee.org/xpl/tocresult.jsp?isnumber=35956&punumber=26
2006,54,10,https://ieeexplore.ieee.org/xpl/tocresult.jsp?isnumber=36086&punumber=26
2006,54,11,https://ieeexplore.ieee.org/xpl/tocresult.jsp?isnumber=4012483&punumber=26
2006,54,12,https://ieeexplore.ieee.org/xpl/tocresult.jsp?isnumber=4026708&punumber=26
2007,55,1,https://ieeexplore.ieee.org/xpl/tocresult.jsp?isnumber=4063485&punumber=26
2007,55,2,https://ieeexplore.ieee.org/xpl/tocresult.jsp?isnumber=4100888&punumber=26
2007,55,3,https://ieeexplore.ieee.org/xpl/tocresult.jsp?isnumber=4132976&punumber=26
2007,55,4,https://ieeexplore.ieee.org/xpl/tocresult.jsp?isnumber=4155106&punumber=26
2007,55,5,https://ieeexplore.ieee.org/xpl/tocresult.jsp?isnumber=4200928&punumber=26
2007,55,6,https://ieeexplore.ieee.org/xpl/tocresult.jsp?isnumber=4237446&punumber=26
2007,55,7,https://ieeexplore.ieee.org/xpl/tocresult.jsp?isnumber=4273676&punumber=26
2007,55,8,https://ieeexplore.ieee.org/xpl/tocresult.jsp?isnumber=4291808&punumber=26
2007,55,9,https://ieeexplore.ieee.org/xpl/tocresult.jsp?isnumber=4303341&punumber=26
2007,55,10,https://ieeexplore.ieee.org/xpl/tocresult.jsp?isnumber=4352075&punumber=26
2007,55,11,https://ieeexplore.ieee.org/xpl/tocresult.jsp?isnumber=4383272&punumber=26
2007,55,12,https://ieeexplore.ieee.org/xpl/tocresult.jsp?isnumber=4395261&punumber=26
2008,56,1,https://ieeexplore.ieee.org/xpl/tocresult.jsp?isnumber=4436078&punumber=26
2008,56,2,https://ieeexplore.ieee.org/xpl/tocresult.jsp?isnumber=4450781&punumber=26
2008,56,3,https://ieeexplore.ieee.org/xpl/tocresult.jsp?isnumber=4471920&punumber=26
2008,56,4,https://ieeexplore.ieee.org/xpl/tocresult.jsp?isnumber=4489618&punumber=26
2008,56,5,https://ieeexplore.ieee.org/xpl/tocresult.jsp?isnumber=4524847&punumber=26
2008,56,6,https://ieeexplore.ieee.org/xpl/tocresult.jsp?isnumber=4542735&punumber=26
2008,56,7,https://ieeexplore.ieee.org/xpl/tocresult.jsp?isnumber=4568439&punumber=26
2008,56,8,https://ieeexplore.ieee.org/xpl/tocresult.jsp?isnumber=4600165&punumber=26
2008,56,9,https://ieeexplore.ieee.org/xpl/tocresult.jsp?isnumber=4623786&punumber=26
2008,56,10,https://ieeexplore.ieee.org/xpl/tocresult.jsp?isnumber=4641880&punumber=26
2008,56,11,https://ieeexplore.ieee.org/xpl/tocresult.jsp?isnumber=4686252&punumber=26
2008,56,12,https://ieeexplore.ieee.org/xpl/tocresult.jsp?isnumber=4711156&punumber=26
2009,57,1,https://ieeexplore.ieee.org/xpl/tocresult.jsp?isnumber=4768558&punumber=26
2009,57,2,https://ieeexplore.ieee.org/xpl/tocresult.jsp?isnumber=4784330&punumber=26
2009,57,3,https://ieeexplore.ieee.org/xpl/tocresult.jsp?isnumber=4799026&punumber=26
2009,57,4,https://ieeexplore.ieee.org/xpl/tocresult.jsp?isnumber=4814345&punumber=26
2009,57,5,https://ieeexplore.ieee.org/xpl/tocresult.jsp?isnumber=4939204&punumber=26
2009,57,6,https://ieeexplore.ieee.org/xpl/tocresult.jsp?isnumber=5089481&punumber=26
2009,57,7,https://ieeexplore.ieee.org/xpl/tocresult.jsp?isnumber=5165372&punumber=26
2009,57,8,https://ieeexplore.ieee.org/xpl/tocresult.jsp?isnumber=5200997&punumber=26
2009,57,9,https://ieeexplore.ieee.org/xpl/tocresult.jsp?isnumber=5281729&punumber=26
2009,57,10,https://ieeexplore.ieee.org/xpl/tocresult.jsp?isnumber=5288474&punumber=26
2009,57,11,https://ieeexplore.ieee.org/xpl/tocresult.jsp?isnumber=5336830&punumber=26
2009,57,12,https://ieeexplore.ieee.org/xpl/tocresult.jsp?isnumber=5351638&punumber=26
2010,58,1,https://ieeexplore.ieee.org/xpl/tocresult.jsp?isnumber=5397885&punumber=26
2010,58,2,https://ieeexplore.ieee.org/xpl/tocresult.jsp?isnumber=5407594&punumber=26
2010,58,3,https://ieeexplore.ieee.org/xpl/tocresult.jsp?isnumber=5426498&punumber=26
2010,58,4,https://ieeexplore.ieee.org/xpl/tocresult.jsp?isnumber=5439299&punumber=26
2010,58,5,https://ieeexplore.ieee.org/xpl/tocresult.jsp?isnumber=5464225&punumber=26
2010,58,6,https://ieeexplore.ieee.org/xpl/tocresult.jsp?isnumber=5474619&punumber=26
2010,58,7,https://ieeexplore.ieee.org/xpl/tocresult.jsp?isnumber=5504584&punumber=26
2010,58,8,https://ieeexplore.ieee.org/xpl/tocresult.jsp?isnumber=5555869&punumber=26
2010,58,9,https://ieeexplore.ieee.org/xpl/tocresult.jsp?isnumber=5577792&punumber=26
2010,58,10,https://ieeexplore.ieee.org/xpl/tocresult.jsp?isnumber=5601500&punumber=26
2010,58,11,https://ieeexplore.ieee.org/xpl/tocresult.jsp?isnumber=5629319&punumber=26
2010,58,12,https://ieeexplore.ieee.org/xpl/tocresult.jsp?isnumber=5666469&punumber=26
2011,59,1,https://ieeexplore.ieee.org/xpl/tocresult.jsp?isnumber=5688266&punumber=26
2011,59,2,https://ieeexplore.ieee.org/xpl/tocresult.jsp?isnumber=5713793&punumber=26
2011,59,3,https://ieeexplore.ieee.org/xpl/tocresult.jsp?isnumber=5733441&punumber=26
2011,59,4,https://ieeexplore.ieee.org/xpl/tocresult.jsp?isnumber=5749762&punumber=26
2011,59,5,https://ieeexplore.ieee.org/xpl/tocresult.jsp?isnumber=5766667&punumber=26
2011,59,6,https://ieeexplore.ieee.org/xpl/tocresult.jsp?isnumber=5888816&punumber=26
2011,59,7,https://ieeexplore.ieee.org/xpl/tocresult.jsp?isnumber=5952306&punumber=26
2011,59,8,https://ieeexplore.ieee.org/xpl/tocresult.jsp?isnumber=5986797&punumber=26
2011,59,9,https://ieeexplore.ieee.org/xpl/tocresult.jsp?isnumber=6020878&punumber=26
2011,59,10,https://ieeexplore.ieee.org/xpl/tocresult.jsp?isnumber=6062271&punumber=26
2011,59,11,https://ieeexplore.ieee.org/xpl/tocresult.jsp?isnumber=6085845&punumber=26
2011,59,12,https://ieeexplore.ieee.org/xpl/tocresult.jsp?isnumber=6110251&punumber=26
2012,60,1,https://ieeexplore.ieee.org/xpl/tocresult.jsp?isnumber=6149856&punumber=26
2012,60,2,https://ieeexplore.ieee.org/xpl/tocresult.jsp?isnumber=6148120&punumber=26
2012,60,3,https://ieeexplore.ieee.org/xpl/tocresult.jsp?isnumber=6165696&punumber=26
2012,60,4,https://ieeexplore.ieee.org/xpl/tocresult.jsp?isnumber=6180082&punumber=26
2012,60,5,https://ieeexplore.ieee.org/xpl/tocresult.jsp?isnumber=6198399&punumber=26
2012,60,6,https://ieeexplore.ieee.org/xpl/tocresult.jsp?isnumber=6216525&punumber=26
2012,60,7,https://ieeexplore.ieee.org/xpl/tocresult.jsp?isnumber=6238456&punumber=26
2012,60,8,https://ieeexplore.ieee.org/xpl/tocresult.jsp?isnumber=6269144&punumber=26
2012,60,9,https://ieeexplore.ieee.org/xpl/tocresult.jsp?isnumber=6305023&punumber=26
2012,60,10,https://ieeexplore.ieee.org/xpl/tocresult.jsp?isnumber=6331703&punumber=26
2012,60,11,https://ieeexplore.ieee.org/xpl/tocresult.jsp?isnumber=6362326&punumber=26
2012,60,12,https://ieeexplore.ieee.org/xpl/tocresult.jsp?isnumber=6389884&punumber=26
2013,61,1,https://ieeexplore.ieee.org/xpl/tocresult.jsp?isnumber=6451308&punumber=26
2013,61,2,https://ieeexplore.ieee.org/xpl/tocresult.jsp?isnumber=6473967&punumber=26
2013,61,3,https://ieeexplore.ieee.org/xpl/tocresult.jsp?isnumber=6507371&punumber=26
2013,61,4,https://ieeexplore.ieee.org/xpl/tocresult.jsp?isnumber=6514800&punumber=26
2013,61,5,https://ieeexplore.ieee.org/xpl/tocresult.jsp?isnumber=6521948&punumber=26
2013,61,6,https://ieeexplore.ieee.org/xpl/tocresult.jsp?isnumber=6549228&punumber=26
2013,61,7,https://ieeexplore.ieee.org/xpl/tocresult.jsp?isnumber=6569166&punumber=26
2013,61,8,https://ieeexplore.ieee.org/xpl/tocresult.jsp?isnumber=6583513&punumber=26
2013,61,9,https://ieeexplore.ieee.org/xpl/tocresult.jsp?isnumber=6607263&punumber=26
2013,61,10,https://ieeexplore.ieee.org/xpl/tocresult.jsp?isnumber=6672054&punumber=26
2013,61,11,https://ieeexplore.ieee.org/xpl/tocresult.jsp?isnumber=6676965&punumber=26
2013,61,12,https://ieeexplore.ieee.org/xpl/tocresult.jsp?isnumber=6689285&punumber=26
2014,62,1,https://ieeexplore.ieee.org/xpl/tocresult.jsp?isnumber=6719911&punumber=26
2014,62,2,https://ieeexplore.ieee.org/xpl/tocresult.jsp?isnumber=6748342&punumber=26
2014,62,3,https://ieeexplore.ieee.org/xpl/tocresult.jsp?isnumber=6777265&punumber=26
2014,62,4,https://ieeexplore.ieee.org/xpl/tocresult.jsp?isnumber=6803818&punumber=26
2014,62,5,https://ieeexplore.ieee.org/xpl/tocresult.jsp?isnumber=6816514&punumber=26
2014,62,6,https://ieeexplore.ieee.org/xpl/tocresult.jsp?isnumber=6839072&punumber=26
2014,62,7,https://ieeexplore.ieee.org/xpl/tocresult.jsp?isnumber=6860331&punumber=26
2014,62,8,https://ieeexplore.ieee.org/xpl/tocresult.jsp?isnumber=6880875&punumber=26
2014,62,9,https://ieeexplore.ieee.org/xpl/tocresult.jsp?isnumber=6905886&punumber=26
2014,62,10,https://ieeexplore.ieee.org/xpl/tocresult.jsp?isnumber=6928525&punumber=26
2014,62,11,https://ieeexplore.ieee.org/xpl/tocresult.jsp?isnumber=6960951&punumber=26
2014,62,12,https://ieeexplore.ieee.org/xpl/tocresult.jsp?isnumber=6975314&punumber=26
2015,63,1,https://ieeexplore.ieee.org/xpl/tocresult.jsp?isnumber=7010064&punumber=26
2015,63,2,https://ieeexplore.ieee.org/xpl/tocresult.jsp?isnumber=7041264&punumber=26
2015,63,3,https://ieeexplore.ieee.org/xpl/tocresult.jsp?isnumber=7060754&punumber=26
2015,63,4,https://ieeexplore.ieee.org/xpl/tocresult.jsp?isnumber=7086114&punumber=26
2015,63,5,https://ieeexplore.ieee.org/xpl/tocresult.jsp?isnumber=7108080&punumber=26
2015,63,6,https://ieeexplore.ieee.org/xpl/tocresult.jsp?isnumber=7122947&punumber=26
2015,63,7,https://ieeexplore.ieee.org/xpl/tocresult.jsp?isnumber=7155609&punumber=26
2015,63,8,https://ieeexplore.ieee.org/xpl/tocresult.jsp?isnumber=7182396&punumber=26
2015,63,9,https://ieeexplore.ieee.org/xpl/tocresult.jsp?isnumber=7240139&punumber=26
2015,63,10,https://ieeexplore.ieee.org/xpl/tocresult.jsp?isnumber=7299336&punumber=26
2015,63,11,https://ieeexplore.ieee.org/xpl/tocresult.jsp?isnumber=7328780&punumber=26
2015,63,12,https://ieeexplore.ieee.org/xpl/tocresult.jsp?isnumber=7358193&punumber=26
2016,64,1,https://ieeexplore.ieee.org/xpl/tocresult.jsp?isnumber=7383348&punumber=26
2016,64,2,https://ieeexplore.ieee.org/xpl/tocresult.jsp?isnumber=7406792&punumber=26
2016,64,3,https://ieeexplore.ieee.org/xpl/tocresult.jsp?isnumber=7434088&punumber=26
2016,64,4,https://ieeexplore.ieee.org/xpl/tocresult.jsp?isnumber=7452695&punumber=26
2016,64,5,https://ieeexplore.ieee.org/xpl/tocresult.jsp?isnumber=7469911&punumber=26
2016,64,6,https://ieeexplore.ieee.org/xpl/tocresult.jsp?isnumber=7491397&punumber=26
2016,64,7,https://ieeexplore.ieee.org/xpl/tocresult.jsp?isnumber=7511813&punumber=26
2016,64,8,https://ieeexplore.ieee.org/xpl/tocresult.jsp?isnumber=7542475&punumber=26
2016,64,9,https://ieeexplore.ieee.org/xpl/tocresult.jsp?isnumber=7567606&punumber=26
2016,64,10,https://ieeexplore.ieee.org/xpl/tocresult.jsp?isnumber=7592379&punumber=26
2016,64,11,https://ieeexplore.ieee.org/xpl/tocresult.jsp?isnumber=7744635&punumber=26
2016,64,12,https://ieeexplore.ieee.org/xpl/tocresult.jsp?isnumber=7784858&punumber=26
2017,65,1,https://ieeexplore.ieee.org/xpl/tocresult.jsp?isnumber=7818052&punumber=26
2017,65,2,https://ieeexplore.ieee.org/xpl/tocresult.jsp?isnumber=7855844&punumber=26
2017,65,3,https://ieeexplore.ieee.org/xpl/tocresult.jsp?isnumber=7879183&punumber=26
2017,65,4,https://ieeexplore.ieee.org/xpl/tocresult.jsp?isnumber=7900485&punumber=26
2017,65,5,https://ieeexplore.ieee.org/xpl/tocresult.jsp?isnumber=7927799&punumber=26
2017,65,6,https://ieeexplore.ieee.org/xpl/tocresult.jsp?isnumber=7948885&punumber=26
2017,65,7,https://ieeexplore.ieee.org/xpl/tocresult.jsp?isnumber=7979727&punumber=26
2017,65,8,https://ieeexplore.ieee.org/xpl/tocresult.jsp?isnumber=8010491&punumber=26
2017,65,9,https://ieeexplore.ieee.org/xpl/tocresult.jsp?isnumber=8038147&punumber=26
2017,65,10,https://ieeexplore.ieee.org/xpl/tocresult.jsp?isnumber=8068314&punumber=26
2017,65,11,https://ieeexplore.ieee.org/xpl/tocresult.jsp?isnumber=8110747&punumber=26
2017,65,12,https://ieeexplore.ieee.org/xpl/tocresult.jsp?isnumber=8214934&punumber=26
2018,66,1,https://ieeexplore.ieee.org/xpl/tocresult.jsp?isnumber=8258580&punumber=26
2018,66,2,https://ieeexplore.ieee.org/xpl/tocresult.jsp?isnumber=8291762&punumber=26
2018,66,3,https://ieeexplore.ieee.org/xpl/tocresult.jsp?isnumber=8318336&punumber=26
2018,66,4,https://ieeexplore.ieee.org/xpl/tocresult.jsp?isnumber=8338165&punumber=26
2018,66,5,https://ieeexplore.ieee.org/xpl/tocresult.jsp?isnumber=8359223&punumber=26
2018,66,6,https://ieeexplore.ieee.org/xpl/tocresult.jsp?isnumber=8385566&punumber=26
2018,66,7,https://ieeexplore.ieee.org/xpl/tocresult.jsp?isnumber=8410818&punumber=26
2018,66,8,https://ieeexplore.ieee.org/xpl/tocresult.jsp?isnumber=8436087&punumber=26
2018,66,9,https://ieeexplore.ieee.org/xpl/tocresult.jsp?isnumber=8466051&punumber=26
2018,66,10,https://ieeexplore.ieee.org/xpl/tocresult.jsp?isnumber=8493372&punumber=26
2018,66,11,https://ieeexplore.ieee.org/xpl/tocresult.jsp?isnumber=8536744&punumber=26
2018,66,12,https://ieeexplore.ieee.org/xpl/tocresult.jsp?isnumber=8576802&punumber=26
2019,67,1,https://ieeexplore.ieee.org/xpl/tocresult.jsp?isnumber=8612982&punumber=26
2019,67,2,https://ieeexplore.ieee.org/xpl/tocresult.jsp?isnumber=8642462&punumber=26
2019,67,3,https://ieeexplore.ieee.org/xpl/tocresult.jsp?isnumber=8667745&punumber=26
2019,67,4,https://ieeexplore.ieee.org/xpl/tocresult.jsp?isnumber=8692663&punumber=26
2019,67,5,https://ieeexplore.ieee.org/xpl/tocresult.jsp?isnumber=8715692&punumber=26
2019,67,6,https://ieeexplore.ieee.org/xpl/tocresult.jsp?isnumber=8736906&punumber=26
2019,67,7,https://ieeexplore.ieee.org/xpl/tocresult.jsp?isnumber=8763785&punumber=26
2019,67,8,https://ieeexplore.ieee.org/xpl/tocresult.jsp?isnumber=8798903&punumber=26
2019,67,9,https://ieeexplore.ieee.org/xpl/tocresult.jsp?isnumber=8839626&punumber=26
2019,67,10,https://ieeexplore.ieee.org/xpl/tocresult.jsp?isnumber=8871140&punumber=26
2019,67,11,https://ieeexplore.ieee.org/xpl/tocresult.jsp?isnumber=8906190&punumber=26
2019,67,12,https://ieeexplore.ieee.org/xpl/tocresult.jsp?isnumber=8935344&punumber=26
2020,68,1,https://ieeexplore.ieee.org/xpl/tocresult.jsp?isnumber=8960485&punumber=26
2020,68,2,https://ieeexplore.ieee.org/xpl/tocresult.jsp?isnumber=8999755&punumber=26
2020,68,3,https://ieeexplore.ieee.org/xpl/tocresult.jsp?isnumber=9039763&punumber=26
2020,68,4,https://ieeexplore.ieee.org/xpl/tocresult.jsp?isnumber=9069330&punumber=26
2020,68,5,https://ieeexplore.ieee.org/xpl/tocresult.jsp?isnumber=9094270&punumber=26
2020,68,6,https://ieeexplore.ieee.org/xpl/tocresult.jsp?isnumber=9119228&punumber=26
2020,68,7,https://ieeexplore.ieee.org/xpl/tocresult.jsp?isnumber=9139896&punumber=26
2020,68,8,https://ieeexplore.ieee.org/xpl/tocresult.jsp?isnumber=9166799&punumber=26
2020,68,9,https://ieeexplore.ieee.org/xpl/tocresult.jsp?isnumber=9198256&punumber=26
2020,68,10,https://ieeexplore.ieee.org/xpl/tocresult.jsp?isnumber=9226146&punumber=26
2020,68,11,https://ieeexplore.ieee.org/xpl/tocresult.jsp?isnumber=9262089&punumber=26
2020,68,12,https://ieeexplore.ieee.org/xpl/tocresult.jsp?isnumber=9295471&punumber=26
2021,69,1,https://ieeexplore.ieee.org/xpl/tocresult.jsp?isnumber=9325108&punumber=26
2021,69,2,https://ieeexplore.ieee.org/xpl/tocresult.jsp?isnumber=9355073&punumber=26
2021,69,3,https://ieeexplore.ieee.org/xpl/tocresult.jsp?isnumber=9379972&punumber=26
2021,69,4,https://ieeexplore.ieee.org/xpl/tocresult.jsp?isnumber=9405515&punumber=26
2021,69,5,https://ieeexplore.ieee.org/xpl/tocresult.jsp?isnumber=9433469&punumber=26
2021,69,6,https://ieeexplore.ieee.org/xpl/tocresult.jsp?isnumber=9456768&punumber=26
2021,69,7,https://ieeexplore.ieee.org/xpl/tocresult.jsp?isnumber=9483878&punumber=26
2021,69,8,https://ieeexplore.ieee.org/xpl/tocresult.jsp?isnumber=9512856&punumber=26
2021,69,9,https://ieeexplore.ieee.org/xpl/tocresult.jsp?isnumber=9537938&punumber=26
2021,69,10,https://ieeexplore.ieee.org/xpl/tocresult.jsp?isnumber=9575125&punumber=26
2021,69,11,https://ieeexplore.ieee.org/xpl/tocresult.jsp?isnumber=9618670&punumber=26
2021,69,12,https://ieeexplore.ieee.org/xpl/tocresult.jsp?isnumber=9653733&punumber=26
